sub_output_id,output_id,series,name,due_date,language,owner,status,approval_method,quality_criteria,submitted_at,doc_id,due_rule
a.1,1.1,a,수요조사결과 검토 보고서,,국문,기자재 전문가(안),미착수,,,,,수요조사 접수 후 2주 이내
a.2,1.1,a,"지원 기자재 리스트 검토 보고서(세부사양, 예산 포함)",,국/영문,기자재 전문가(안),미착수,,,,,수요조사 실시 후 1개월 이내
a.3,1.1,a,기자재공급수행기관 조달 계획서 검토 보고서,,국문,기자재 전문가(안),미착수,,,,,계획서 접수 후 2주 이내
a.4,1.1,a,기자재공급수행기관 조달 모니터링 보고서,,국문,기자재 전문가(안),미착수,,,,,보고서 접수 후 2주 이내
a.5,1.1,a,기자재 설치 및 검수 결과보고서,,국문,기자재 전문가(안),미착수,,,,,기자재 설치 완료 후 1개월 이내
a.6,1.1,a,기자재 운영 및 관리 교육 모니터링 보고서,,국문,기자재 전문가(안),미착수,,,,,모니터링 후 2주 이내
a.7,1.1,a,기자재 유지보수 및 관리 모니터링 보고서,,국문,기자재 전문가(안),미착수,,,,,모니터링 후 2주 이내
a.8,1.1,a,기타 기자재공급수행기관 제출보고서 요약 및 검토보고서,,국문,기자재 전문가(안),미착수,,,,,보고서 접수 후 2주 이내
b.1,1.2,b,현장방문 모니터링 결과보고서,,국문,PL(안),미착수,,,,,교육 완료 후 2주 이내
b.2,1.2,b,기술지원 결과보고서,,국문,PL(안),미착수,,,,,기술지원 완료 후 1개월 이내
b.3,1.2,b,성과보고서(국문),,국문,PL(안),미착수,,,,,반기별
c.1,2.1,c,현지 교육 기관 선정을 위한 과업지시서,2027-02-01,국/영문,PL(안),미착수,,,,,계약 체결 후 3개월 이내
c.2,2.1,c,현지 교육 수행기관 보고서 대상 주요내용 분석 및 검토보고서,,국문,PL(안),미착수,,,,,보고서 접수 후 2주 이내
c.3,2.1,c,교육과정 개발 모니터링 결과보고서,,국문,PL(안),미착수,,,,,모니터링 후 2주 이내
c.4,2.1,c,운영관리 교육 모니터링 결과보고서,,국문,PL(안),미착수,,,,,모니터링 후 2주 이내
c.5,2.1,c,강사양성·동료교육 모니터링 결과보고서,,국문,PL(안),미착수,,,,,모니터링 후 2주 이내
d.1,2.2,d,가이드라인 개발 모니터링 결과보고서,,국문,PL(안),미착수,,,,,모니터링 후 2주 이내
d.2,2.2,d,네비게이터 SBCC 교육 모니터링 결과보고서,,국문,PL(안),미착수,,,,,모니터링 후 2주 이내
d.3,2.2,d,HCPN 정기회의 모니터링 결과보고서,,국문,PL(안),미착수,,,,,모니터링 후 2주 이내
d.4,2.2,d,HCPN 실행평가 모니터링 결과보고서,,국문,PL(안),미착수,,,,,모니터링 후 2주 이내
e.1,3.1,e,현지 평가 수행기관 과업지시서,2027-02-01,영문,보건정책 전문가(안),미착수,,,,,계약 체결 후 3개월 이내
e.2,3.1,e,현지 평가 수행기관 선정 결과보고서,,국문,보건정책 전문가(안),미착수,,,,,선정 후 2주 이내
e.3,3.1,e,정책 평가 실시 계획(안),,국/영문,보건정책 전문가(안),미착수,,,,,선정 후 1개월 이내
e.4,3.1,e,"정책 평가 결과보고서 및 평가를 위해 수집된 원 자료(raw data) 일체(설문지, 설문결과 data set등)",2027-06-30,국/영문,보건정책 전문가(안),미착수,,,,,2차년도 2분기
e.5,3.1,e,정책 평가 환류 워크숍 실시 계획(안),2027-09-30,국/영문,보건정책 전문가(안),미착수,,,,,2차년도 3분기
e.6,3.1,e,정책 평가 환류 워크숍 결과보고서 (참석자 명단 포함),2027-09-30,국/영문,보건정책 전문가(안),미착수,,,,,2차년도 3분기
e.7,3.1,e,수립된 정책 제언 및 확산 로드맵,2027-12-31,국/영문,보건정책 전문가(안),미착수,,,,,2차년도 4분기
e.8,3.1,e,"정책 평가 최종 종합 보고서(평가 결과, 워크숍, 정책 제언 및 확산 로드맵 포함)",2028-03-31,국/영문,보건정책 전문가(안),미착수,,,,,3차년도 1분기
f.1,3.2,f,부카스 데이터 통계관리시스템 시스템 S/W 개발 자문·감리 계획(안) 및 체크리스트,2027-02-01,국/영문,통계시스템 S/W 전문가(안),미착수,,,,,계약 체결 후 3개월 이내
f.2,3.2,f,부카스 데이터 통계관리시스템 자문 결과서,,국/영문,통계시스템 S/W 전문가(안),미착수,,,,,자문 실시 후 2주 이내
f.3,3.2,f,부카스 데이터 통계관리시스템 개발 감리 결과서,,국/영문,통계시스템 S/W 전문가(안),미착수,,,,,시스템 개발 후 1개월 이내
f.4,3.2,f,"시스템 H/W 지원 기자재 리스트(세부사양, 예산 포함)",,국/영문,통계시스템 H/W 전문가(안),미착수,,,,,수요조사 실시 후 1개월 이내
f.5,3.2,f,기자재 공급 수행기관 조달 계획서(IT H/W 부문) 검토보고서,,국/영문,통계시스템 H/W 전문가(안),미착수,,,,,계획서 접수 후 2주 이내
f.6,3.2,f,IT H/W 및 네트워크 설비 설치 및 검수 결과보고서,,국/영문,통계시스템 H/W 전문가(안),미착수,,,,,설치 완료 후 1개월 이내
f.7,3.2,f,IT H/W 운영관리 교육 모니터링 및 유지보수 모니터링 보고서,,국/영문,통계시스템 H/W 전문가(안),미착수,,,,,모니터링 후 2주 이내
f.8,3.2,f,보건의료 AI 기반 데이터 관리 자문 계획(안) 및 체크리스트,2027-02-01,국/영문,AI 데이터 관리 전문가(안),미착수,,,,,계약 체결 후 3개월 이내
f.9,3.2,f,보건의료 AI 기반 데이터 관리 자문 결과서,,국/영문,AI 데이터 관리 전문가(안),미착수,,,,,자문 실시 후 2주 이내
f.10,3.2,f,데이터 관리 및 운용체계 역량 강화 워크숍 실시 계획(안),2026-12-31,국/영문,AI 데이터 관리 전문가(안),미착수,,,,,1차년도 4분기
f.11,3.2,f,데이터 관리 및 운용체계 역량 강화 워크숍 결과보고서(참석자 명단 포함),2026-12-31,국/영문,AI 데이터 관리 전문가(안),미착수,,,,,1차년도 4분기
f.12,3.2,f,데이터 분석 및 운용방안 역량 강화 워크숍 실시 계획(안),2028-12-31,국/영문,AI 데이터 관리 전문가(안),미착수,,,,,3차년도 4분기
f.13,3.2,f,데이터 분석 및 운용방안 역량 강화 워크숍 결과보고서(참석자 명단 포함),2028-12-31,국/영문,AI 데이터 관리 전문가(안),미착수,,,,,3차년도 4분기
f.14,3.2,f,AI 데이터 활용 역량 강화 워크숍 실시 계획(안),2030-06-30,국/영문,AI 데이터 관리 전문가(안),미착수,,,,,5차년도 2분기
f.15,3.2,f,AI 데이터 활용 역량 강화 워크숍 결과보고서(참석자 명단 포함),2030-06-30,국/영문,AI 데이터 관리 전문가(안),미착수,,,,,5차년도 2분기
f.16,3.2,f,구축된 부카스센터 데이터 통계 관리시스템 결과보고서,,국/영문,통계시스템 S/W 전문가(안),미착수,,,,,구축 후 1개월 이내
f.17,3.2,f,데이터통계관리시스템 이해관계자 협의 회의록,,국/영문,통계시스템 S/W 전문가(안),미착수,,,,,협의 실시 후 2주 이내
f.18,3.2,f,부카스센터 데이터 통계 관리 시스템(대시보드) 활용 모니터링 보고서,,국/영문,통계시스템 S/W 전문가(안),미착수,,,,,매분기
f.19,3.2,f,부카스센터 평가체계 수립 계획(안),2027-06-30,국/영문,성과관리 전문가(안),미착수,,,,,2차년도 2분기
f.20,3.2,f,부카스센터 평가체계 초안,2027-12-31,국/영문,성과관리 전문가(안),미착수,,,,,2차년도 4분기
f.21,3.2,f,부카스센터 평가체계 수립 검토 워크숍 실시 계획(안),2027-12-31,국/영문,성과관리 전문가(안),미착수,,,,,2차년도 4분기
f.22,3.2,f,부카스센터 평가체계 수립 검토 워크숍 결과보고서(검토의견 및 참석자 명단 포함),,국/영문,성과관리 전문가(안),미착수,,,,,워크숍 실시 후 2주 이내
f.23,3.2,f,부카스센터 평가체계 수립 결과보고서,,국/영문,성과관리 전문가(안),미착수,,,,,수립 후 1개월 이내
f.24,3.2,f,부카스센터 평가체계 수원국 승인 서류,2028-12-31,영문,성과관리 전문가(안),미착수,,,,,3차년도 4분기
f.25,3.2,f,부카스센터 평가체계 확산 워크숍 실시 계획(안),2029-06-30,국/영문,성과관리 전문가(안),미착수,,,,,4차년도 1/2분기
f.26,3.2,f,부카스센터 평가체계 확산 워크숍 결과보고서(참석자 명단 포함),,국/영문,성과관리 전문가(안),미착수,,,,,워크숍 실시 후 2주 이내
f.27,3.2,f,실무자대상 초청연수 참석자 명단,2029-09-30,국/영문,성과관리 전문가(안),미착수,,,,,4차년도 3분기
f.28,3.2,f,실무자대상 초청연수 실시 계획(안),2029-09-30,국/영문,성과관리 전문가(안),미착수,,,,,4차년도 3분기
f.29,3.2,f,실무자대상 초청연수 교육 자료,,영문,성과관리 전문가(안),미착수,,,,,실시 후 2주 이내
f.30,3.2,f,실무자대상 초청연수 결과보고서 (만족도 조사 및 평가 포함),,국/영문,성과관리 전문가(안),미착수,,,,,실시 후 2주 이내
f.31,3.2,f,발전계획 수립 계획(안),2028-06-30,국/영문,병원운영 전문가(안),미착수,,,,,3차년도 2분기
f.32,3.2,f,발전계획 초안,2028-12-31,영문,병원운영 전문가(안),미착수,,,,,3차년도 4분기
f.33,3.2,f,발전계획 이해관계자 협의 회의록,,국/영문,병원운영 전문가(안),미착수,,,,,협의 실시 후 2주 이내
f.34,3.2,f,발전계획 검토 워크숍 실시 계획(안),2028-12-31,국/영문,병원운영 전문가(안),미착수,,,,,3차년도 4분기
f.35,3.2,f,발전계획 검토 워크숍 결과보고서(검토의견 및 참석자 명단 포함),,국/영문,병원운영 전문가(안),미착수,,,,,워크숍 실시 후 2주 이내
f.36,3.2,f,발전계획 승인 서류,2029-12-31,영문,병원운영 전문가(안),미착수,,,,,4차년도 4분기
f.37,3.2,f,발전계획 확산 워크숍 실시 계획(안),2030-06-30,국/영문,병원운영 전문가(안),미착수,,,,,5차년도 1/2분기
f.38,3.2,f,발전계획 확산 워크숍 결과보고서(참석자 명단 포함),,국/영문,병원운영 전문가(안),미착수,,,,,워크숍 실시 후 2주 이내
f.39,3.2,f,표준 운영 매뉴얼 수립 계획(안),2027-06-30,국/영문,병원운영 전문가(안),미착수,,,,,2차년도 2분기
f.40,3.2,f,표준 운영 매뉴얼 초안,2027-12-31,영문,병원운영 전문가(안),미착수,,,,,2차년도 4분기
f.41,3.2,f,표준 운영 매뉴얼 검토 워크숍 실시 계획(안),2027-12-31,국/영문,병원운영 전문가(안),미착수,,,,,2차년도 4분기
f.42,3.2,f,표준 운영 매뉴얼 검토 워크숍 결과보고서(검토의견 및 참석자 명단 포함),,국/영문,병원운영 전문가(안),미착수,,,,,워크숍 실시 후 2주 이내
f.43,3.2,f,표준 운영 매뉴얼 수립 결과 보고서,,국/영문,병원운영 전문가(안),미착수,,,,,수립 후 1개월 이내
f.44,3.2,f,표준 운영 매뉴얼 승인 서류,2028-12-31,영문,병원운영 전문가(안),미착수,,,,,3차년도 4분기
f.45,3.2,f,표준 운영 매뉴얼 확산 워크숍 실시 계획(안),2029-06-30,국/영문,병원운영 전문가(안),미착수,,,,,4차년도 1/2분기
f.46,3.2,f,표준 운영 매뉴얼 확산 워크숍 결과보고서(참석자 명단 포함),,국/영문,병원운영 전문가(안),미착수,,,,,워크숍 실시 후 2주 이내
f.47,3.2,f,관리자대상 초청연수 참석자 명단,2028-09-30,국/영문,병원운영 전문가(안),미착수,,,,,3차년도 3분기
f.48,3.2,f,관리자대상 초청연수 실시 계획(안),2028-09-30,국/영문,병원운영 전문가(안),미착수,,,,,3차년도 3분기
f.49,3.2,f,관리자대상 초청연수 교육 자료,,영문,병원운영 전문가(안),미착수,,,,,실시 후 2주 이내
f.50,3.2,f,관리자대상 초청연수 결과보고서 (만족도 조사 및 평가 포함),,국/영문,병원운영 전문가(안),미착수,,,,,실시 후 2주 이내
