sub_output_id,output_id,series,name,due_date,language,owner,status,approval_method,quality_criteria,submitted_at,doc_id
a-01,O1,a,[예시] 기초선조사 결과보고서,2027-03-31,국·영문,,제출,[입력필요] POD/OD 승인방법,[입력필요] POD/OD 품질기준,,
a-02,O1,a,[예시] 기초선조사 설계서,2026-11-30,국·영문,,작성중,[입력필요] POD/OD 승인방법,[입력필요] POD/OD 품질기준,,
b-03,O2,b,[예시] 센터 운영 매뉴얼(안),2026-10-15,영문,,작성중,[입력필요] POD/OD 승인방법,[입력필요] POD/OD 품질기준,,
b-04,O2,b,[예시] 기자재 수요조사 보고서,2026-10-05,국문,,미착수,[입력필요] POD/OD 승인방법,[입력필요] POD/OD 품질기준,,
c-05,O3,c,[예시] 교육과정 개발 보고서,2027-01-31,국·영문,,미착수,[입력필요] POD/OD 승인방법,[입력필요] POD/OD 품질기준,,
c-06,O3,c,[예시] AI 데이터 활용방안 워크숍 결과보고서(활동 3.2.1),2027-06-30,국·영문,,미착수,[입력필요] POD/OD 승인방법,[입력필요] POD/OD 품질기준,,
d-07,O4,d,[예시] 의뢰·회송체계 개선방안,2027-02-28,영문,,미착수,[입력필요] POD/OD 승인방법,[입력필요] POD/OD 품질기준,,
e-08,O5,e,[예시] 정책 제언서,2027-09-30,국·영문,,미착수,[입력필요] POD/OD 승인방법,[입력필요] POD/OD 품질기준,,
f-09,O6,f,[예시] 성과점검양식(연차),2026-12-20,국문,,미착수,[입력필요] POD/OD 승인방법,[입력필요] POD/OD 품질기준,,
